,id,fecha,gen,mod,memoria,bateria,precio,estado,nombre,scrap_locat,dist_scrap_locat,reservado,url
0,1101985796,20250218,16,pro,n/a,n/a,"1075,00",as_good_as_new,iphone 16 pro,madrid,60,False,https://es.wallapop.com/item/iphone-16-pro-1101985796
1,1103462936,20250218,16,plus,n/a,n/a,"850,00",as_good_as_new,iphone 16 plus,madrid,60,False,https://es.wallapop.com/item/iphone-16-plus-1103462936
2,1103464443,20250218,16,basic,256,n/a,"799,00",as_good_as_new,iphone 16 256gb rosa,madrid,60,False,https://es.wallapop.com/item/iphone-16-256gb-rosa-1103464443
3,1103538682,20250218,16,pro,256,n/a,"1049,00",as_good_as_new,iphone 16 pro 256gb titanio negro,madrid,60,False,https://es.wallapop.com/item/iphone-16-pro-256gb-titanio-negro-1103538682
4,1103453176,20250218,16,pro,n/a,n/a,"900,00",as_good_as_new,apple iphone 16 pro titanium ,madrid,60,False,https://es.wallapop.com/item/apple-iphone-16-pro-titanium-1103453176
5,1103478252,20250218,16,pro max,256,n/a,"750,00",as_good_as_new,iphone 16 pro max 256gb,madrid,60,False,https://es.wallapop.com/item/iphone-16-pro-max-256gb-1103478252
6,1103432191,20250218,16,pro max,n/a,n/a,"1000,00",as_good_as_new,iphone 16 pro max,madrid,60,False,https://es.wallapop.com/item/iphone-16-pro-max-1103432191
7,1103517411,20250218,16,pro,256,n/a,"1080,00",as_good_as_new,iphone 16 pro 256,madrid,60,False,https://es.wallapop.com/item/iphone-16-pro-256-1103517411
8,1100748947,20250218,16,pro,n/a,n/a,"899,00",as_good_as_new,iphone 16 pro desierto,madrid,60,False,https://es.wallapop.com/item/iphone-16-pro-desierto-1100748947
9,1103466601,20250218,16,pro max,512,n/a,"1299,00",as_good_as_new,iphone 16 pro max 512gb negro,madrid,60,False,https://es.wallapop.com/item/iphone-16-pro-max-512gb-negro-1103466601
10,1103465699,20250218,16,pro max,256,n/a,"1125,00",as_good_as_new,iphone 16 pro max 256gb desierto,madrid,60,False,https://es.wallapop.com/item/iphone-16-pro-max-256gb-desierto-1103465699
11,1103358225,20250218,16,basic,n/a,n/a,"610,00",as_good_as_new,iphone 16 nuevo ,madrid,60,False,https://es.wallapop.com/item/iphone-16-nuevo-1103358225
12,1103391141,20250218,16,pro,256,n/a,"1049,00",as_good_as_new,iphone 16 pro 256gb desierto,madrid,60,False,https://es.wallapop.com/item/iphone-16-pro-256gb-desierto-1103391141
13,1103387227,20250218,16,plus,128,n/a,"899,00",as_good_as_new,iphone 16 plus 128gb azul ultramar,madrid,60,False,https://es.wallapop.com/item/iphone-16-plus-128gb-azul-ultramar-1103387227
14,1103386271,20250218,16,pro,128,n/a,"925,00",as_good_as_new,iphone 16 pro 128gb titanio negro,madrid,60,False,https://es.wallapop.com/item/iphone-16-pro-128gb-titanio-negro-1103386271
15,1103390241,20250218,16,pro max,256,n/a,"1099,00",as_good_as_new,iphone 16 pro max 256gb natural,madrid,60,False,https://es.wallapop.com/item/iphone-16-pro-max-256gb-natural-1103390241
16,1103170738,20250218,16,basic,n/a,n/a,"730,00",as_good_as_new,iphone 16,madrid,60,False,https://es.wallapop.com/item/iphone-16-1103170738
17,1103229785,20250218,16,basic,n/a,n/a,"500,00",as_good_as_new,iphone 16,madrid,60,False,https://es.wallapop.com/item/iphone-16-1103229785
18,1103432004,20250218,16,pro,128,n/a,"900,00",as_good_as_new,iphone 16 pro 128gb,madrid,60,False,https://es.wallapop.com/item/iphone-16-pro-128gb-1103432004
19,1102970653,20250218,16,basic,n/a,n/a,"950,00",as_good_as_new,iphone 16 ,madrid,60,False,https://es.wallapop.com/item/iphone-16-1102970653
20,1103333552,20250218,16,pro,128,n/a,"929,99",as_good_as_new,iphone 16 pro 128gb desert titanium,madrid,60,False,https://es.wallapop.com/item/iphone-16-pro-128gb-desert-titanium-1103333552
21,1103138658,20250218,16,basic,n/a,n/a,"750,00",as_good_as_new,iphone 16 ,madrid,60,False,https://es.wallapop.com/item/iphone-16-1103138658
22,1103079510,20250218,16,basic,128,n/a,"699,99",as_good_as_new,iphone 16 128gb azul,madrid,60,False,https://es.wallapop.com/item/iphone-16-128gb-azul-1103079510
23,1103211012,20250218,16,basic,128,n/a,"799,00",as_good_as_new,apple iphone 16 128gb,madrid,60,False,https://es.wallapop.com/item/apple-iphone-16-128gb-1103211012
24,1103271692,20250218,16,basic,128,n/a,"670,00",as_good_as_new,iphone 16 128gb ultramarine ¬°nuevo y potente! üî•,madrid,60,False,https://es.wallapop.com/item/iphone-16-128gb-ultramarine-nuevo-y-potente-1103271692
25,1103072467,20250218,16,plus,n/a,n/a,"1100,00",as_good_as_new,iphone 16 plus ,madrid,60,False,https://es.wallapop.com/item/iphone-16-plus-1103072467
26,1102942507,20250218,16,basic,256,n/a,"750,00",as_good_as_new,iphone 16 256gb,madrid,60,False,https://es.wallapop.com/item/iphone-16-256gb-1102942507
27,1102936268,20250218,16,basic,128,n/a,"679,00",as_good_as_new,iphone 16 128gb ultramarine precintado,madrid,60,False,https://es.wallapop.com/item/iphone-16-128gb-ultramarine-precintado-1102936268
28,1102918211,20250218,16,pro max,256,n/a,"1099,00",as_good_as_new,iphone 16 pro max 256gb negro,madrid,60,False,https://es.wallapop.com/item/iphone-16-pro-max-256gb-negro-1102918211
29,1102809814,20250218,16,pro,n/a,n/a,"1000,00",as_good_as_new,iphone 16 pro,madrid,60,False,https://es.wallapop.com/item/iphone-16-pro-1102809814
30,1102569154,20250218,16,pro,n/a,n/a,"970,00",as_good_as_new,iphone 16 pro,madrid,60,False,https://es.wallapop.com/item/iphone-16-pro-1102569154
31,1102823107,20250218,16,pro,256,n/a,"950,00",as_good_as_new,iphone 16 pro 256 gb  funda  protectores,madrid,60,False,https://es.wallapop.com/item/iphone-16-pro-256-gb-funda-protectores-1102823107
32,1102513101,20250218,16,pro max,n/a,n/a,"1200,00",as_good_as_new,iphone 16 pro max,madrid,60,False,https://es.wallapop.com/item/iphone-16-pro-max-1102513101
33,1102509411,20250218,16,basic,128,n/a,"725,00",as_good_as_new,iphone 16 128gb con factura!,madrid,60,False,https://es.wallapop.com/item/iphone-16-128gb-con-factura-1102509411
34,1103125993,20250218,16,pro max,256,100,"1185,00",as_good_as_new,iphone 16 pro max de 256gb/100 bat factura /garan,madrid,60,False,https://es.wallapop.com/item/iphone-16-pro-max-de-256gb-100-bat-factura-garan-1103125993
35,1103125290,20250218,16,pro max,256,100,"1165,00",as_good_as_new,iphone 16 pro max 256gb/100 bat perfecto estado,madrid,60,False,https://es.wallapop.com/item/iphone-16-pro-max-256gb-100-bat-perfecto-estado-1103125290
36,1102508834,20250218,16,pro,128,n/a,"950,00",as_good_as_new,iphone 16 pro 128gb desert titanium,madrid,60,False,https://es.wallapop.com/item/iphone-16-pro-128gb-desert-titanium-1102508834
37,1102553108,20250218,16,pro max,n/a,n/a,"1200,00",as_good_as_new,iphone 16 pro max,madrid,60,False,https://es.wallapop.com/item/iphone-16-pro-max-1102553108
38,1102288997,20250218,16,basic,128,n/a,"600,00",as_good_as_new,iphone 16 128gb ,madrid,60,False,https://es.wallapop.com/item/iphone-16-128gb-1102288997
39,1102384391,20250218,16,pro max,256,n/a,"1300,00",as_good_as_new,iphone 16 pro max 256gb,madrid,60,False,https://es.wallapop.com/item/iphone-16-pro-max-256gb-1102384391
40,1102473882,20250218,16,pro max,256,n/a,"1150,00",as_good_as_new,iphone 16 pro max 256 gb blanco,madrid,60,False,https://es.wallapop.com/item/iphone-16-pro-max-256-gb-1102473882
41,1102454069,20250218,16,basic,128,n/a,"799,00",as_good_as_new,apple iphone 16 128gb,madrid,60,False,https://es.wallapop.com/item/apple-iphone-16-128gb-1102454069
42,1102453239,20250218,16,basic,128,n/a,"799,00",as_good_as_new,apple iphone 16 128gb,madrid,60,False,https://es.wallapop.com/item/apple-iphone-16-128gb-1102453239
43,1102240464,20250218,16,plus,128,n/a,"950,00",as_good_as_new,iphone 16 plus 128gb azul,madrid,60,False,https://es.wallapop.com/item/iphone-16-plus-128gb-azul-1102240464
44,1101976676,20250218,16,pro max,n/a,n/a,"1189,00",as_good_as_new,iphone 16 pro max,madrid,60,False,https://es.wallapop.com/item/iphone-16-pro-max-1101976676
45,1102302422,20250218,16,basic,128,n/a,"799,00",as_good_as_new,apple iphone 16 128gb,madrid,60,False,https://es.wallapop.com/item/apple-iphone-16-128gb-1102302422
46,1101920554,20250218,16,pro max,n/a,n/a,"1050,00",as_good_as_new,iphone 16 pro max ,madrid,60,False,https://es.wallapop.com/item/iphone-16-pro-max-1101920554
47,1102447767,20250218,16,pro,128,n/a,"1005,00",as_good_as_new,apple iphone 16 pro 128gb,madrid,60,False,https://es.wallapop.com/item/apple-iphone-16-pro-128gb-1102447767
48,1102215913,20250218,16,basic,256,n/a,"800,00",as_good_as_new,iphone 16 256g,madrid,60,False,https://es.wallapop.com/item/iphone-16-256g-1102215913
49,1102198792,20250218,16,plus,128,n/a,"850,00",as_good_as_new,iphone 16 plus ee 128gb,madrid,60,False,https://es.wallapop.com/item/iphone-16-plus-ee-128gb-1102198792
50,1102453227,20250218,16,pro,128,100,"965,00",as_good_as_new,apple iphone 16 pro 128gb (100% bat),madrid,60,False,https://es.wallapop.com/item/apple-iphone-16-pro-128gb-100-bat-1102453227
51,1102026193,20250218,16,pro max,n/a,n/a,"1050,00",as_good_as_new,iphone 16 pro max,madrid,60,False,https://es.wallapop.com/item/iphone-16-pro-max-1102026193
52,1102181403,20250218,16,pro max,n/a,n/a,"950,00",as_good_as_new,iphone 16 pro max ,madrid,60,False,https://es.wallapop.com/item/16-pro-max-1102181403
53,1102088156,20250218,16,pro max,256,n/a,"1050,00",as_good_as_new,iphone 16 pro max 256gb ,madrid,60,False,https://es.wallapop.com/item/iphone-16-pro-max-256gb-1102088156
54,1101635061,20250218,16,basic,128,n/a,"749,00",as_good_as_new,oferta!! iphone 16 128gb,madrid,60,False,https://es.wallapop.com/item/oportunidad-iphone-16-128gb-1101635061
55,1101717684,20250218,16,pro max,n/a,n/a,"870,00",as_good_as_new,iphone 16 pro max,madrid,60,False,https://es.wallapop.com/item/iphone-16-pro-max-1101717684
56,1102390366,20250218,16,pro max,256,n/a,"1060,00",as_good_as_new,iphone 16 pro max 256 gb black titanium ,madrid,60,False,https://es.wallapop.com/item/iphone-16-pro-max-256-gb-black-titanium-1102390366
57,1101459978,20250218,16,pro,256,n/a,"1010,00",as_good_as_new,iphone 16 pro 256,madrid,60,False,https://es.wallapop.com/item/iphone-16-pro-256-1101459978
58,1102105680,20250218,16,pro max,256,n/a,"1209,00",as_good_as_new,apple iphone 16 pro max 256gb,madrid,60,False,https://es.wallapop.com/item/apple-iphone-16-pro-max-256gb-1102105680
59,1102111109,20250218,16,plus,256,100,"899,00",as_good_as_new,apple iphone 16 plus 256gb (100% bat),madrid,60,False,https://es.wallapop.com/item/apple-iphone-16-plus-256gb-100-bat-1102111109
60,1100499470,20250218,16,basic,n/a,n/a,"700,00",as_good_as_new,iphone 16 ,madrid,60,False,https://es.wallapop.com/item/iphone-16-1100499470
61,1101775211,20250218,16,basic,128,n/a,"799,00",as_good_as_new,apple iphone 16 128gb,madrid,60,False,https://es.wallapop.com/item/apple-iphone-16-128gb-1101775211
62,1102108802,20250218,16,basic,128,100,"749,00",as_good_as_new,otras unidades apple apple iphone 16 128gb bat 100%,madrid,60,False,https://es.wallapop.com/item/otras-unidades-apple-apple-iphone-16-128gb-bat-100-1102108802
63,1102108782,20250218,16,basic,128,100,"749,00",as_good_as_new,otras unidades apple apple iphone 16 128gb bat 100%,madrid,60,False,https://es.wallapop.com/item/otras-unidades-apple-apple-iphone-16-128gb-bat-100-1102108782
64,1101052471,20250218,16,pro,n/a,n/a,"830,00",as_good_as_new,iphone 16 pro,madrid,60,False,https://es.wallapop.com/item/iphone-16-pro-1101052471
65,1100998693,20250218,16,basic,n/a,n/a,"750,00",as_good_as_new,iphone 16,madrid,60,False,https://es.wallapop.com/item/iphone-16-1100998693
66,1100936430,20250218,16,pro,n/a,n/a,"900,00",as_good_as_new,iphone 16 pro,madrid,60,False,https://es.wallapop.com/item/iphone-16-pro-1100936430
67,1101302429,20250218,16,pro max,512,n/a,"1200,00",as_good_as_new,iphone 16 pro max 512 gb,madrid,60,False,https://es.wallapop.com/item/iphone-16-pro-max-512-gb-1101302429
68,1099077654,20250218,16,pro max,256,n/a,"1150,00",as_good_as_new,iphone 16 pro max 256gb,madrid,60,False,https://es.wallapop.com/item/iphone-16-pro-max-256gb-1099077654
69,1101775782,20250218,16,plus,256,n/a,"995,00",as_good_as_new,apple iphone 16 plus 256gb,madrid,60,False,https://es.wallapop.com/item/apple-iphone-16-plus-256gb-1101775782
70,1101775496,20250218,16,pro max,256,n/a,"1209,00",as_good_as_new,apple iphone 16 pro max 256gb,madrid,60,False,https://es.wallapop.com/item/apple-iphone-16-pro-max-256gb-1101775496
71,1101887449,20250218,16,basic,128,100,"749,00",as_good_as_new,iphone 16 de 128gb/100 bat perfecto estado ,madrid,60,False,https://es.wallapop.com/item/iphone-16-de-128gb-100-bat-perfecto-estado-1101887449
72,1100775303,20250218,16,basic,128,n/a,"749,00",as_good_as_new,üì≤‚úÖ oportunidad!!Ô∏è iphone 16 128gb ‚úÖüì≤,madrid,60,False,https://es.wallapop.com/item/oportunidad-iphone-16-128gb-1100775303
73,1100751860,20250218,16,plus,128,n/a,"800,00",as_good_as_new,iphone 16 plus 128,madrid,60,False,https://es.wallapop.com/item/iphone-16-plus-128-1100751860
74,1101775394,20250218,16,pro max,256,n/a,"1209,00",as_good_as_new,apple iphone 16 pro max 256gb,madrid,60,False,https://es.wallapop.com/item/apple-iphone-16-pro-max-256gb-1101775394
75,1100864290,20250218,16,pro,n/a,n/a,"1050,00",as_good_as_new,iphone 16 pro 255 totalmente nuevo,madrid,60,False,https://es.wallapop.com/item/iphone-16-pro-255-totalmente-nuevo-1100864290
76,1100818351,20250218,16,pro max,256,n/a,"1080,00",as_good_as_new,iphone 16 pro max 256 gb,madrid,60,False,https://es.wallapop.com/item/iphone-16-pro-max-256-gb-1100818351
77,1101416320,20250218,16,plus,128,n/a,"925,00",as_good_as_new,apple iphone 16 plus 128gb,madrid,60,False,https://es.wallapop.com/item/apple-iphone-16-plus-128gb-1101416320
78,1101409807,20250218,16,pro max,256,n/a,"1209,00",as_good_as_new,apple iphone 16 pro max 256gb,madrid,60,False,https://es.wallapop.com/item/apple-iphone-16-pro-max-256gb-1101409807
79,1101059745,20250218,16,basic,n/a,n/a,"900,00",as_good_as_new,iphonne 16 ,madrid,60,False,https://es.wallapop.com/item/iphonne-16-1101059745
80,1101417665,20250218,16,pro max,256,n/a,"1209,00",as_good_as_new,apple iphone 16 pro max 256gb,madrid,60,False,https://es.wallapop.com/item/apple-iphone-16-pro-max-256gb-1101417665
81,1101414241,20250218,16,pro max,256,n/a,"1209,00",as_good_as_new,apple iphone 16 pro max 256gb,madrid,60,False,https://es.wallapop.com/item/apple-iphone-16-pro-max-256gb-1101414241
82,1101006930,20250218,16,plus,256,n/a,"995,00",as_good_as_new,apple iphone 16 plus 256gb,madrid,60,False,https://es.wallapop.com/item/apple-iphone-16-plus-256gb-1101006930
83,1101288895,20250218,16,pro max,256,n/a,"1199,00",as_good_as_new,apple iphone 16 pro max  256 gb -e0103412cv-,madrid,60,False,https://es.wallapop.com/item/apple-iphone-16-pro-max-256-gb-e0103412cv-1101288895
84,1101282734,20250218,16,pro max,256,n/a,"1199,00",as_good_as_new,apple iphone 16 pro max  256 gb -e0103555cv-,madrid,60,False,https://es.wallapop.com/item/apple-iphone-16-pro-max-256-gb-e0103555cv-1101282734
85,1101414351,20250218,16,pro max,256,100,"1175,00",as_good_as_new,otras unidades apple apple iphone 16 pro max 256gb bat 100%,madrid,60,False,https://es.wallapop.com/item/otras-unidades-apple-apple-iphone-16-pro-max-256gb-bat-100-1101414351
86,1100632461,20250218,16,pro,128,n/a,"1005,00",as_good_as_new,apple iphone 16 pro 128gb,madrid,60,False,https://es.wallapop.com/item/apple-iphone-16-pro-128gb-1100632461
87,1100628676,20250218,16,plus,128,n/a,"925,00",as_good_as_new,apple iphone 16 plus 128gb,madrid,60,False,https://es.wallapop.com/item/apple-iphone-16-plus-128gb-1100628676
88,1097836458,20250218,16,basic,n/a,n/a,"700,00",as_good_as_new,iphone 16,madrid,60,False,https://es.wallapop.com/item/iphone-16-1097836458
89,1100391932,20250218,16,pro,256,n/a,"990,00",as_good_as_new,iphone 16 pro 256 gb blanco. intacto. 1 mes. ,madrid,60,False,https://es.wallapop.com/item/iphone-16-pro-256-gb-blanco-intacto-1-mes-1100391932
90,1099649693,20250218,16,pro,256,n/a,"1049,00",as_good_as_new,iphone 16 pro 256gb blanco,madrid,60,False,https://es.wallapop.com/item/iphone-16-pro-256gb-blanco-1099649693
91,1099196687,20250218,16,pro,n/a,n/a,"950,00",as_good_as_new,iphone 16 pro ,madrid,60,False,https://es.wallapop.com/item/iphone-16-pro-1099196687
92,1099924555,20250218,16,pro max,n/a,n/a,"1350,00",as_good_as_new,iphone 16 pro max 0.5 tb,madrid,60,False,https://es.wallapop.com/item/iphone-16-pro-max-1-tb-1099924555
93,1099034257,20250218,16,plus,128,n/a,"725,00",as_good_as_new,iphone 16 plus 128 gb,madrid,60,False,https://es.wallapop.com/item/iphone-16-plus-128-gb-1099034257
94,1098469256,20250218,16,basic,128,n/a,"750,00",as_good_as_new,iphone 16 128 gb,madrid,60,False,https://es.wallapop.com/item/iphone-16-128-gb-1098469256
95,1099029728,20250218,16,pro max,n/a,n/a,"1200,00",as_good_as_new,iphone  16 pro max,madrid,60,False,https://es.wallapop.com/item/iphone-16-pro-max-1099029728
96,1098928276,20250218,16,basic,n/a,n/a,"800,00",as_good_as_new,se vende iphone 16 ,madrid,60,False,https://es.wallapop.com/item/se-vende-iphone-16-1098928276
97,1100103034,20250218,16,pro max,n/a,n/a,"1200,00",as_good_as_new,iphone 16 pro max ,madrid,60,False,https://es.wallapop.com/item/iphone-16-pro-max-1100103034
98,1098930445,20250218,16,pro,n/a,n/a,"1200,00",as_good_as_new,iphone 16 pro m√°x,madrid,60,False,https://es.wallapop.com/item/iphone-16-pro-max-1098930445
99,1098508901,20250218,16,pro max,256,n/a,"1209,00",as_good_as_new,apple iphone 16 pro max 256gb,madrid,60,False,https://es.wallapop.com/item/apple-iphone-16-pro-max-256gb-1098508901
100,1098828301,20250218,16,pro max,n/a,n/a,"1150,00",as_good_as_new,iphone 16 pro max,madrid,60,False,https://es.wallapop.com/item/iphone-16-pro-max-1098828301
101,1095890875,20250218,16,basic,n/a,n/a,"700,00",as_good_as_new,iphone 16 ,madrid,60,False,https://es.wallapop.com/item/iphone-16-1095890875
102,1099140035,20250218,16,basic,256,n/a,"910,00",as_good_as_new,iphone 16 de 256gb,madrid,60,False,https://es.wallapop.com/item/iphone-16-de-256gb-1099140035
103,1099283235,20250218,16,pro,128,n/a,"1005,00",as_good_as_new,apple iphone 16 pro 128gb,madrid,60,False,https://es.wallapop.com/item/apple-iphone-16-pro-128gb-1099283235
104,1099725830,20250218,16,pro max,256,n/a,"1209,00",as_good_as_new,apple iphone 16 pro max 256gb,madrid,60,False,https://es.wallapop.com/item/apple-iphone-16-pro-max-256gb-1099725830
105,1096772875,20250218,16,pro,256,n/a,"900,00",as_good_as_new,iphone 16 pro 256gb,madrid,60,False,https://es.wallapop.com/item/iphone-16-pro-256gb-1096772875
106,1095317503,20250218,16,basic,256,n/a,"850,00",as_good_as_new,iphone 16 256gb rosa 2 semanas de uso,madrid,60,False,https://es.wallapop.com/item/iphone-16-256gb-rosa-2-semanas-de-uso-1095317503
107,1099282952,20250218,16,pro max,256,n/a,"1209,00",as_good_as_new,apple iphone 16 pro max 256gb,madrid,60,False,https://es.wallapop.com/item/apple-iphone-16-pro-max-256gb-1099282952
108,1099252138,20250218,16,pro,128,n/a,"985,00",as_good_as_new,iphone 16 pro de 128gb/seminuevo libre ,madrid,60,False,https://es.wallapop.com/item/iphone-16-pro-de-128gb-seminuevo-libre-1099252138
109,1095359363,20250218,16,plus,n/a,n/a,"850,00",as_good_as_new,iphone 16 plus,madrid,60,False,https://es.wallapop.com/item/iphone-16-plus-1095359363
110,1097818396,20250218,16,basic,n/a,n/a,"750,00",as_good_as_new,se vende o se cambia iphone 16 verde ,madrid,60,False,https://es.wallapop.com/item/se-vende-o-se-cambia-iphone-16-verde-1097818396
111,1099143701,20250218,16,pro,128,n/a,"979,00",as_good_as_new,smartphone apple iphone 16 pro 128gb -e0103198cv-,madrid,60,False,https://es.wallapop.com/item/smartphone-apple-iphone-16-pro-128gb-e0103198cv-1099143701
112,1097600447,20250218,16,basic,n/a,n/a,"750,00",as_good_as_new,se vende o se cambia iphone 16 verde ,madrid,60,False,https://es.wallapop.com/item/se-vende-o-se-cambia-iphone-16-verde-1097600447
113,1095799341,20250218,16,basic,128,n/a,"700,00",as_good_as_new,iphone 16 128gb,madrid,60,False,https://es.wallapop.com/item/iphone-16-128gb-1095799341
114,1099247051,20250218,16,pro,128,100,"985,00",as_good_as_new,iphone 16 pro de 128gb/100 bat seminuevo libre ,madrid,60,False,https://es.wallapop.com/item/iphone-16-pro-de-128gb-100-bat-seminuevo-libre-1099247051
115,1098519650,20250218,16,pro max,512,n/a,"1415,00",as_good_as_new,apple iphone 16 pro max 512gb,madrid,60,False,https://es.wallapop.com/item/apple-iphone-16-pro-max-512gb-1098519650
116,1096004503,20250218,16,pro max,256,n/a,"1100,00",as_good_as_new,iphone 16 pro max 256gb,madrid,60,False,https://es.wallapop.com/item/iphone-16-pro-max-256gb-1096004503
117,1096073773,20250218,16,basic,128,n/a,"800,00",as_good_as_new,iphone 16 rosa 128gb ,madrid,60,False,https://es.wallapop.com/item/iphone-16-rosa-128gb-1096073773
118,1093580789,20250218,16,basic,n/a,n/a,"650,00",as_good_as_new,iphone 16,madrid,60,False,https://es.wallapop.com/item/iphone-16-1093580789
119,1097145515,20250218,16,basic,256,n/a,"929,00",as_good_as_new,apple iphone 16 256gb,madrid,60,False,https://es.wallapop.com/item/apple-iphone-16-256gb-1097145515
120,1093453629,20250218,16,basic,n/a,n/a,"790,00",as_good_as_new,iphone 16,madrid,60,False,https://es.wallapop.com/item/iphone-16-1093453629
121,1097593729,20250218,16,pro,256,n/a,"1109,00",as_good_as_new,apple iphone 16 pro 256gb,madrid,60,False,https://es.wallapop.com/item/apple-iphone-16-pro-256gb-1097593729
122,1093545170,20250218,16,basic,n/a,n/a,"700,00",as_good_as_new,iphone 16 ,madrid,60,False,https://es.wallapop.com/item/iphone-16-1093545170
123,1093391437,20250218,16,pro max,512,n/a,"1250,00",as_good_as_new,iphone 16 pro max 512 gb,madrid,60,False,https://es.wallapop.com/item/iphone-16-pro-max-512-gb-1093391437
124,1093045886,20250218,16,plus,n/a,n/a,"1000,00",as_good_as_new,iphone 16 plus ,madrid,60,False,https://es.wallapop.com/item/iphone-16-plus-1093045886
125,1093080763,20250218,16,basic,n/a,n/a,"900,00",as_good_as_new,iphone 16,madrid,60,False,https://es.wallapop.com/item/iphone-16-1093080763
126,1096125436,20250218,16,basic,256,n/a,"929,00",as_good_as_new,apple iphone 16 256gb,madrid,60,False,https://es.wallapop.com/item/apple-iphone-16-256gb-1096125436
127,1096124533,20250218,16,basic,128,n/a,"799,00",as_good_as_new,apple iphone 16 128gb,madrid,60,False,https://es.wallapop.com/item/apple-iphone-16-128gb-1096124533
128,1093716635,20250218,16,plus,n/a,n/a,"880,00",as_good_as_new,iphone 16 plus,madrid,60,False,https://es.wallapop.com/item/iphone-16-plus-1093716635
129,1093503921,20250218,16,basic,128,n/a,"700,00",as_good_as_new,iphone 16 128gb,madrid,60,False,https://es.wallapop.com/item/iphone-16-128gb-1093503921
130,1096344162,20250218,16,pro,256,n/a,"1000,00",as_good_as_new,iphone 16 pro 256gb,madrid,60,False,https://es.wallapop.com/item/iphone-16-pro-256gb-1096344162
131,1089168015,20250218,16,basic,256,n/a,"850,00",as_good_as_new,iphone 16 256gb rosa,madrid,60,False,https://es.wallapop.com/item/iphone-16-256gb-rosa-1089168015
132,1096546099,20250218,16,pro,256,n/a,"1109,00",as_good_as_new,apple iphone 16 pro 256gb,madrid,60,False,https://es.wallapop.com/item/apple-iphone-16-pro-256gb-1096546099
133,1095848722,20250218,16,plus,256,n/a,"1000,00",as_good_as_new,iphone 16 plus 256 gb azul marino,madrid,60,False,https://es.wallapop.com/item/iphone-16-plus-256-gb-azul-marino-1095848722
134,1092025169,20250218,16,plus,n/a,n/a,"815,00",as_good_as_new,iphone 16 plus,madrid,60,False,https://es.wallapop.com/item/iphone-16-plus-1092025169
135,1094307874,20250218,16,pro max,n/a,n/a,"880,00",as_good_as_new,iphone 16 pro max,madrid,60,False,https://es.wallapop.com/item/iphone-16-pro-max-1094307874
136,1094125371,20250218,16,plus,n/a,n/a,"1190,00",as_good_as_new,iphone 16 plus ,madrid,60,False,https://es.wallapop.com/item/iphone-16-plus-1094125371
137,1095376115,20250218,16,basic,128,n/a,"799,00",as_good_as_new,apple iphone 16 128gb,madrid,60,False,https://es.wallapop.com/item/apple-iphone-16-128gb-1095376115
138,1096124444,20250218,16,pro max,512,n/a,"1415,00",as_good_as_new,apple iphone 16 pro max 512gb,madrid,60,False,https://es.wallapop.com/item/apple-iphone-16-pro-max-512gb-1096124444
139,1095393490,20250218,16,pro max,256,n/a,"840,00",as_good_as_new,smarthphone iphone 16 pro max 256 gb,madrid,60,False,https://es.wallapop.com/item/smarthphone-iphone-16-pro-max-256-gb-1095393490
140,1094305515,20250218,16,pro max,n/a,n/a,"1100,00",as_good_as_new,apple iphone 16 pro max,madrid,60,False,https://es.wallapop.com/item/apple-iphone-16-pro-max-1094305515
141,1095980513,20250218,16,pro max,512,n/a,"1415,00",as_good_as_new,apple iphone 16 pro max 512gb,madrid,60,False,https://es.wallapop.com/item/apple-iphone-16-pro-max-512gb-1095980513
142,1095374017,20250218,16,plus,128,n/a,"925,00",as_good_as_new,apple iphone 16 plus 128gb,madrid,60,False,https://es.wallapop.com/item/apple-iphone-16-plus-128gb-1095374017
143,1090283337,20250218,16,basic,n/a,n/a,"850,00",as_good_as_new,iphone 16 rosa,madrid,60,False,https://es.wallapop.com/item/iphone-16-rosa-1090283337
144,1090709024,20250218,16,basic,n/a,n/a,"760,00",as_good_as_new,iphone 16,madrid,60,False,https://es.wallapop.com/item/iphone-16-1090709024
145,1092338166,20250218,16,basic,256,n/a,"950,00",as_good_as_new,iphone 16 256gb negro,madrid,60,False,https://es.wallapop.com/item/iphone-16-256gb-negro-1092338166
146,1094625790,20250218,16,basic,128,n/a,"799,00",as_good_as_new,apple iphone 16 128gb,madrid,60,False,https://es.wallapop.com/item/apple-iphone-16-128gb-1094625790
147,1093350936,20250218,16,basic,n/a,n/a,"1000,00",as_good_as_new,vendo iphone 16 urgente ,madrid,60,False,https://es.wallapop.com/item/vendo-iphone-16-urgente-1093350936
148,1094621230,20250218,16,basic,128,n/a,"799,00",as_good_as_new,apple iphone 16 128gb,madrid,60,False,https://es.wallapop.com/item/apple-iphone-16-128gb-1094621230
149,1094624027,20250218,16,basic,128,n/a,"799,00",as_good_as_new,apple iphone 16 128gb,madrid,60,False,https://es.wallapop.com/item/apple-iphone-16-128gb-1094624027
150,1094125972,20250218,16,pro,256,n/a,"1290,00",as_good_as_new,iphone 16 pro 256gb,madrid,60,False,https://es.wallapop.com/item/iphone-16-pro-256gb-1094125972
151,1093114668,20250218,16,pro max,512,n/a,"1400,00",as_good_as_new,iphone 16 pro max 512gb,madrid,60,False,https://es.wallapop.com/item/iphone-16-pro-max-512gb-1093114668
152,1087968596,20250218,16,pro,n/a,n/a,"1000,00",as_good_as_new,iphone 16 pro,madrid,60,False,https://es.wallapop.com/item/iphone-16-pro-1087968596
153,1091334095,20250218,16,plus,256,n/a,"900,00",as_good_as_new,iphone 16 plus negro 256 gb,madrid,60,False,https://es.wallapop.com/item/iphone-16-plus-negro-256-gb-1091334095
154,1093897194,20250218,16,plus,256,n/a,"995,00",as_good_as_new,apple iphone 16 plus 256gb,madrid,60,False,https://es.wallapop.com/item/apple-iphone-16-plus-256gb-1093897194
155,1087512853,20250218,16,basic,n/a,n/a,"1100,00",as_good_as_new,vendo iphone 16,madrid,60,False,https://es.wallapop.com/item/vendo-iphone-16-1087512853
156,1092846974,20250218,16,basic,128,n/a,"799,00",as_good_as_new,apple iphone 16 128gb,madrid,60,False,https://es.wallapop.com/item/apple-iphone-16-128gb-1092846974
157,1093349894,20250218,16,basic,128,n/a,"900,00",as_good_as_new,√ßambio iphone 16 de 128 gpor un coche ,madrid,60,False,https://es.wallapop.com/item/cambio-iphone-16-de-128-g-1093349894
158,1088941776,20250218,16,basic,128,n/a,"800,00",as_good_as_new,iphone 16 128gb rosa ,madrid,60,False,https://es.wallapop.com/item/iphone-16-128gb-rosa-1088941776
159,1091019678,20250218,16,pro,128,n/a,"980,00",as_good_as_new,iphone 16 pro 128gb,madrid,60,False,https://es.wallapop.com/item/iphone-16-pro-128gb-1091019678
160,1086327337,20250218,16,basic,n/a,n/a,"600,00",as_good_as_new,iphone 16,madrid,60,False,https://es.wallapop.com/item/iphone-16-1086327337
161,1086217895,20250218,16,basic,n/a,n/a,"980,00",as_good_as_new,apple iphone 16,madrid,60,False,https://es.wallapop.com/item/apple-iphone-16-1086217895
162,1088727022,20250218,16,pro max,n/a,n/a,"1000,00",as_good_as_new,iphone 16 pro max ,madrid,60,False,https://es.wallapop.com/item/iphone-16-pro-max-1088727022
163,1087754836,20250218,16,pro max,n/a,n/a,"1150,00",as_good_as_new,iphone 16 pro max,madrid,60,False,https://es.wallapop.com/item/iphone-16-pro-max-1087754836
164,1090929121,20250218,16,basic,128,n/a,"850,00",as_good_as_new,iphone 16 negro 128gb,madrid,60,False,https://es.wallapop.com/item/iphone-16-negro-128gb-1090929121
165,1088251112,20250218,16,pro max,512,n/a,"1500,00",as_good_as_new,iphone 16 pro max 512gb,madrid,60,False,https://es.wallapop.com/item/iphone-16-pro-max-512gb-1088251112
166,1085775329,20250218,16,pro,256,n/a,"1050,00",as_good_as_new,iphone 16 pro 256 ,madrid,60,False,https://es.wallapop.com/item/iphone-16-pro-256-1085775329
167,1090090022,20250218,16,basic,512,n/a,"1065,00",as_good_as_new,apple iphone 16 512gb,madrid,60,False,https://es.wallapop.com/item/apple-iphone-16-512gb-1090090022
168,1084454123,20250218,16,pro,256,n/a,"900,00",as_good_as_new,iphone 16 pro 256,madrid,60,False,https://es.wallapop.com/item/iphone-16-pro-256-1084454123
169,1087770981,20250218,16,plus,n/a,n/a,"900,00",as_good_as_new,iphone 16 plus,madrid,60,False,https://es.wallapop.com/item/iphone-16-plus-1087770981
170,1084666199,20250218,16,pro max,n/a,n/a,"1250,00",as_good_as_new,iphone 16 pro max ,madrid,60,False,https://es.wallapop.com/item/iphone-16-pro-max-1084666199
171,1090085736,20250218,16,basic,256,n/a,"929,00",as_good_as_new,apple iphone 16 256gb,madrid,60,False,https://es.wallapop.com/item/apple-iphone-16-256gb-1090085736
172,1087000436,20250218,16,pro max,n/a,n/a,"1250,00",as_good_as_new,iphone 16 pro max ,madrid,60,False,https://es.wallapop.com/item/iphone-16-pro-max-1087000436
173,1089734865,20250218,16,pro,128,n/a,"900,00",as_good_as_new,iphone 16 pro 128 gb,madrid,60,False,https://es.wallapop.com/item/iphne-16-pro-128-gb-1089734865
174,1084649523,20250218,16,pro max,n/a,n/a,"1150,00",as_good_as_new,iphone 16 pro max ,madrid,60,False,https://es.wallapop.com/item/iphone-16-pro-max-1084649523
175,1085494704,20250218,16,pro max,n/a,n/a,"1000,00",as_good_as_new,iphone 16 pro max,madrid,60,False,https://es.wallapop.com/item/iphone-16-pro-max-1085494704
176,1082088664,20250218,16,pro,n/a,n/a,"1100,00",as_good_as_new,iphone 16 pro,madrid,60,False,https://es.wallapop.com/item/iphone-16-pro-1082088664
177,1084821950,20250218,16,pro,256,n/a,"1050,00",as_good_as_new,iphone 16 pro 256(titanium white),madrid,60,False,https://es.wallapop.com/item/iphone-16-pro-256-titanium-white-1084821950
178,1087925803,20250218,16,basic,128,n/a,"900,00",as_good_as_new,iphone 16 rosa 128gb,madrid,60,False,https://es.wallapop.com/item/iphone-16-rosa-128gb-1087925803
179,1089735468,20250218,16,pro max,256,n/a,"1250,00",as_good_as_new,iphone 16 pro max 256gb titaneo desierto,madrid,60,False,https://es.wallapop.com/item/iphone-16-pro-max-256gb-titaneo-desierto-1089735468
180,1085743534,20250218,16,basic,n/a,n/a,"1250,00",as_good_as_new,iphone 16 por max 556,madrid,60,False,https://es.wallapop.com/item/iphone-16-por-max-556-1085743534
181,1083990047,20250218,16,pro max,256,n/a,"1290,00",as_good_as_new,iphone 16 pro max 256gb,madrid,60,False,https://es.wallapop.com/item/iphone-16-pro-max-256gb-1083990047
182,1086450420,20250218,16,pro max,n/a,n/a,"1299,00",as_good_as_new,iphone 16 pro max,madrid,60,False,https://es.wallapop.com/item/iphone-16-pro-max-1086450420
183,1086543429,20250218,15,pro,n/a,n/a,"780,00",as_good_as_new,cambio iphone 15 pro por iphone 16 pro factura ,madrid,60,False,https://es.wallapop.com/item/cambio-iphone-15-pro-por-iphone-16-pro-factura-1086543429
184,1086416474,20250218,16,basic,128,n/a,"819,00",as_good_as_new,smartphone apple iphone 16 128 gb -r0002548cv-,madrid,60,False,https://es.wallapop.com/item/smartphone-apple-iphone-16-128-gb-r0002548cv-1086416474
185,1082363424,20250218,16,pro,256,n/a,"1050,00",as_good_as_new,iphone 16 pro 256(titanium blanco),madrid,60,False,https://es.wallapop.com/item/iphone-16-pro-256-titanium-blanco-1082363424
186,1084604504,20250218,16,pro max,256,n/a,"1200,00",as_good_as_new,iphone 16 pro max 256gb,madrid,60,False,https://es.wallapop.com/item/iphone-16-pro-max-256gb-1084604504
187,1082363653,20250218,16,pro,256,n/a,"1050,00",as_good_as_new,iphone 16 pro 256gb(white),madrid,60,False,https://es.wallapop.com/item/iphone-16-pro-256gb-white-1082363653
188,1084191568,20250218,16,basic,512,n/a,"1065,00",as_good_as_new,apple iphone 16 512gb,madrid,60,False,https://es.wallapop.com/item/apple-iphone-16-512gb-1084191568
189,1082364091,20250218,16,pro,256,n/a,"1050,00",as_good_as_new,iphone 16 pro 256gb(titanium white),madrid,60,False,https://es.wallapop.com/item/iphone-16-pro-256gb-titanium-white-1082364091
190,1081974761,20250218,16,pro,128,n/a,"900,00",as_good_as_new,iphone 16 pro 128gb,madrid,60,False,https://es.wallapop.com/item/iphone-16-pro-128gb-1081974761
191,1082864969,20250218,16,basic,256,n/a,"929,00",as_good_as_new,apple iphone 16 256gb,madrid,60,False,https://es.wallapop.com/item/apple-iphone-16-256gb-1082864969
192,1061778076,20250218,16,pro max,256,n/a,"1189,00",as_good_as_new,iphone 16 pro max 256gb precintado,madrid,60,False,https://es.wallapop.com/item/iphone-16-pro-max-256gb-precintado-1061778076
193,1077498092,20250218,16,pro,n/a,n/a,"820,00",as_good_as_new,iphone 16 pro,madrid,60,False,https://es.wallapop.com/item/iphone-16-pro-1077498092
194,1074002355,20250218,16,basic,128,n/a,"799,95",as_good_as_new,m√≥vil apple iphone 16 black 128gb,madrid,60,False,https://es.wallapop.com/item/movil-apple-iphone-16-black-128gb-1074002355
195,1065688827,20250218,16,basic,128,n/a,"890,00",as_good_as_new,iphone 16 128 gb rosa,madrid,60,False,https://es.wallapop.com/item/iphone-16-128-gb-rosa-1065688827
196,1068500560,20250218,16,pro,128,n/a,"1049,00",as_good_as_new,iphone 16 pro 128gb negro a estrenar ,madrid,60,False,https://es.wallapop.com/item/iphone-16-pro-128gb-negro-a-estrenar-1068500560
197,1071420052,20250218,16,basic,128,n/a,"769,95",as_good_as_new,tel√©fono apple iphone 16 black 128gb,madrid,60,False,https://es.wallapop.com/item/telefono-apple-iphone-16-black-128gb-1071420052
198,1067325860,20250218,16,pro max,256,n/a,"1299,00",as_good_as_new,smartphone apple iphone 16 pro max  256 gb,madrid,60,False,https://es.wallapop.com/item/smartphone-apple-iphone-16-pro-max-256-gb-1067325860
199,1103205454,20250218,16,pro max,256,n/a,"1175,00",good,apple iphone 16 pro max 256gb,madrid,60,False,https://es.wallapop.com/item/apple-iphone-16-pro-max-256gb-1103205454
200,1103510216,20250218,16,basic,128,100,"733,95",good,iphone 16 128gb negro *100% bateria*,madrid,60,False,https://es.wallapop.com/item/iphone-16-128gb-negro-100-bateria-1103510216
201,1103333328,20250218,16,plus,128,100,"903,95",good,iphone 16 plus 128gb-bateria 100%,madrid,60,False,https://es.wallapop.com/item/iphone-16-plus-128gb-bateria-100-1103333328
202,1102995395,20250218,16,pro,256,100,"1103,95",good,iphone 16 pro 256gb blanco bateria 100% + caja,madrid,60,False,https://es.wallapop.com/item/iphone-16-pro-256gb-blanco-bateria-100---caja-1102995395
203,1102210476,20250218,16,basic,128,n/a,"819,00",good,smartphone apple iphone 16 128 gb -e0103687cv-,madrid,60,False,https://es.wallapop.com/item/smartphone-apple-iphone-16-128-gb-e0103687cv-1102210476
204,1098863960,20250218,16,pro,256,n/a,"1103,95",good,iphone 16 pro 256gb negro + cable,madrid,60,False,https://es.wallapop.com/item/iphone-16-pro-256gb-negro---cable-1098863960
205,1102208602,20250218,16,pro max,256,n/a,"1199,00",good,apple iphone 16 pro max  256 gb -e0103698cv-,madrid,60,False,https://es.wallapop.com/item/apple-iphone-16-pro-max-256-gb-e0103698cv-1102208602
206,1102195064,20250218,16,basic,256,100,"803,95",good,"iphone 16 256 gb, blanco salud bateria 100 %",madrid,60,False,https://es.wallapop.com/item/iphone-16-256-gb-blanco-salud-bateria-100-1102195064
207,1095967431,20250218,16,plus,128,100,"923,95",good,movil iphone 16 plus 128gb 100% bateria azul + funda + cargador,madrid,60,False,https://es.wallapop.com/item/movil-iphone-16-plus-128gb-100-bateria-azul---funda-1095967431
208,1100633186,20250218,16,basic,128,n/a,"775,00",good,apple iphone 16 128gb,madrid,60,False,https://es.wallapop.com/item/apple-iphone-16-128gb-1100633186
209,1101003540,20250218,16,pro,128,n/a,"975,00",good,apple iphone 16 pro 128gb,madrid,60,False,https://es.wallapop.com/item/apple-iphone-16-pro-128gb-1101003540
210,1100629494,20250218,16,basic,256,n/a,"905,00",good,apple iphone 16 256gb,madrid,60,False,https://es.wallapop.com/item/apple-iphone-16-256gb-1100629494
211,1100630606,20250218,16,basic,128,n/a,"775,00",good,apple iphone 16 128gb,madrid,60,False,https://es.wallapop.com/item/apple-iphone-16-128gb-1100630606
212,1101003982,20250218,16,pro max,256,n/a,"1175,00",good,apple iphone 16 pro max 256gb,madrid,60,False,https://es.wallapop.com/item/apple-iphone-16-pro-max-256gb-1101003982
213,1100876891,20250218,16,pro,128,100,"949,00",good,apple iphone 16 pro 128gb (100% bat),madrid,60,False,https://es.wallapop.com/item/apple-iphone-16-pro-128gb-100-bat-1100876891
214,1100229680,20250218,16,basic,128,n/a,"775,00",good,apple iphone 16 128gb,madrid,60,False,https://es.wallapop.com/item/apple-iphone-16-128gb-1100229680
215,1093880775,20250218,15,pro max,n/a,n/a,"500,00",good,cambio iphone 15 pro max o 16 por tatuajes,madrid,60,False,https://es.wallapop.com/item/cambio-tatuajes-x-electronica-1093880775
216,1099400081,20250218,16,pro max,512,100,"1353,95",good,movil iphone 16 pro max 512gb blanco salud 100% + funda + cable + caja,madrid,60,False,https://es.wallapop.com/item/movil-iphone-16-pro-max-512gb-blanco-salud-100---funda---cable---caja-1099400081
217,1101117013,20250218,16,pro,256,100,"1053,95",good,iphone 16 pro 256gb titanium 100% bateria + caja + cable,madrid,60,False,https://es.wallapop.com/item/iphone-16-pro-256gb-titanium-100-bateria---caja---cable-1101117013
218,1099125843,20250218,16,basic,128,n/a,"775,00",good,apple iphone 16 128gb,madrid,60,False,https://es.wallapop.com/item/apple-iphone-16-128gb-1099125843
219,1099727649,20250218,16,pro max,512,n/a,"1375,00",good,apple iphone 16 pro max 512gb,madrid,60,False,https://es.wallapop.com/item/apple-iphone-16-pro-max-512gb-1099727649
220,1098948194,20250218,16,pro,256,n/a,"1079,00",good,apple iphone 16 pro 256gb,madrid,60,False,https://es.wallapop.com/item/apple-iphone-16-pro-256gb-1098948194
221,1094279838,20250218,16,basic,n/a,n/a,"610,00",good,iphone 16,madrid,60,False,https://es.wallapop.com/item/iphone-16-1094279838
222,1099400495,20250218,16,basic,128,100,"753,95",good,iphone 16 128gb negro salud bateria 100 %,madrid,60,False,https://es.wallapop.com/item/iphone-16-128gb-negro-1099400495
223,1096747814,20250218,16,pro max,512,n/a,"1303,95",good,iphone 16 pro max 512gb 100bat + caja,madrid,60,False,https://es.wallapop.com/item/iphone-16-pro-max-512gb-100bat---caja-1096747814
224,1097500366,20250218,16,basic,256,100,"803,95",good,iphone 16 256gb negro salud de bateria 100% + caja,madrid,60,False,https://es.wallapop.com/item/iphone-16-256gb-negro-salud-de-bateria-100---caja-1097500366
225,1098763130,20250218,16,pro max,512,100,"1303,95",good,iphone 16 pro max 512gb bateria 100% + funda + caja,madrid,60,False,https://es.wallapop.com/item/iphone-16-pro-max-512gb-bateria-100---funda---caja-1098763130
226,1095562714,20250218,16,basic,128,100,"733,95",good,iphone 16 ultramarine 128gb 100% bat+ caja,madrid,60,False,https://es.wallapop.com/item/iphone-16-ultramarine-128gb-100-bat--caja-1095562714
227,1093395850,20250218,16,basic,256,100,"803,95",good,iphone 16 256gb rosa (salud 100%),madrid,60,False,https://es.wallapop.com/item/iphone-16-256gb-rosa-salud-100-1093395850
228,1084745293,20250218,16,plus,256,n/a,"950,00",good,iphone 16 plus 256gb ,madrid,60,False,https://es.wallapop.com/item/iphone-16-plus-256gb-1084745293
229,1093147747,20250218,16,basic,128,100,"783,95",good,movil iphone 16 128gb 100% bateria + caja + funda,madrid,60,False,https://es.wallapop.com/item/movil-iphone-16-128gb-100-bateria---caja---funda-1093147747
230,1093323593,20250218,16,pro,256,100,"1053,95",good,iphone 16 pro 256gb dorado 100% cb + caja,madrid,60,False,https://es.wallapop.com/item/iphone-16-pro-256gb-dorado-100-cb---caja-1093323593
231,1093147278,20250218,16,pro,128,100,"1023,95",good,iphone 16 pro 128gb titanium bateria 100% + caja + acc,madrid,60,False,https://es.wallapop.com/item/iphone-16-pro-128gb-titanium-bateria-100---caja---acc-1093147278
232,1090704898,20250218,16,basic,256,100,"853,95",good,iphone 16 256gb (bater√≠a 100%) azul,madrid,60,False,https://es.wallapop.com/item/iphone-16-256gb-bateria-100-azul-1090704898
233,1085714489,20250218,16,basic,128,n/a,"819,00",good,smartphone apple iphone 16 128 gb -e0037306cv-,madrid,60,False,https://es.wallapop.com/item/smartphone-apple-iphone-16-128-gb-e0037306cv-1085714489
234,1101714269,20250218,16,basic,n/a,n/a,"750,00",new,iphone 16,madrid,60,False,https://es.wallapop.com/item/iphone-16-1101714269
235,1103473297,20250218,16,pro max,n/a,n/a,"1000,00",new,iphone 16 pro max ,madrid,60,False,https://es.wallapop.com/item/iphone-16-pro-max-1103473297
236,1103507943,20250218,16,pro max,256,n/a,"750,00",new,iphone 16 pro max naturel titanium 256gb,madrid,60,False,https://es.wallapop.com/item/iphone-16-pro-max-naturel-titanium-256gb-1103507943
237,1103507000,20250218,16,pro max,256,n/a,"750,00",new,iphone 16 pro max naturel titanium 256gb,madrid,60,False,https://es.wallapop.com/item/iphone-16-pro-max-naturel-titanium-256gb-1103507000
238,1103506594,20250218,16,pro max,256,n/a,"750,00",new,iphone 16 pro max naturel titanium 256gb,madrid,60,False,https://es.wallapop.com/item/iphone-16-pro-max-naturel-titanium-256gb-1103506594
239,1103430317,20250218,16,plus,n/a,n/a,"825,00",new,iphone 16 plus solo activado a estrenarüì≤,madrid,60,False,https://es.wallapop.com/item/iphone-16-plus-solo-activado-a-estrenar-1103430317
240,1103385441,20250218,16,pro,256,n/a,"1065,00",new,iphone 16 pro 256gb nuevo,madrid,60,False,https://es.wallapop.com/item/iphone-16-pro-256gb-nuevo-1103385441
241,1103394102,20250218,16,plus,n/a,n/a,"825,00",new,iphone 16 plus nuevo solo activado a estrenarüì≤,madrid,60,False,https://es.wallapop.com/item/iphone-16-plus-nuevo-solo-activado-a-estrenar-1103394102
242,1101967413,20250218,16,basic,128,n/a,"749,00",new,apple iphone 16 128gb sin usar garantia,madrid,60,False,https://es.wallapop.com/item/apple-iphone-16-128gb-sin-usar-garantia-1101967413
243,1103109751,20250218,16,basic,n/a,n/a,"750,00",new,iphone 16,madrid,60,False,https://es.wallapop.com/item/iphone-16-1103109751
244,1103181526,20250218,16,pro,n/a,n/a,"880,00",new,iphone 16 pro ,madrid,60,False,https://es.wallapop.com/item/iphone-16-pro-1103181526
245,1103116097,20250218,16,basic,n/a,n/a,"800,00",new,iphone 16 nuevo,madrid,60,False,https://es.wallapop.com/item/iphone-16-nuevo-1103116097
246,1103326472,20250218,16,basic,128,n/a,"670,00",new,iphone 16 128gb black nuevo,madrid,60,False,https://es.wallapop.com/item/iphone-16-128gb-black-nuevo-1103326472
247,1100935670,20250218,16,pro,128,n/a,"1003,95",new,iphone 16 pro 128 gb black titanium a estrenar,madrid,60,False,https://es.wallapop.com/item/iphone-16-pro-128-gb-black-titanium-a-estrenar-1100935670
248,1103262577,20250218,16,pro max,512,n/a,"1250,00",new,iphone 16 pro max 512 gb,madrid,60,False,https://es.wallapop.com/item/iphone-16-pro-max-512-gb-1103262577
249,1103097321,20250218,16,basic,512,n/a,"1300,00",new,iphone 16 512 gb,madrid,60,False,https://es.wallapop.com/item/iphone-16-512-gb-1103097321
250,1103090986,20250218,16,basic,128,n/a,"680,00",new,iphone 16 negro 128 gb nuevo,madrid,60,False,https://es.wallapop.com/item/iphone-16-negro-128-gb-nuevo-1103090986
251,1103300535,20250218,16,pro max,256,n/a,"1100,00",new,iphone 16 pro max256 gold ,madrid,60,False,https://es.wallapop.com/item/iphone-16-pro-max256-gold-1103300535
252,1103322123,20250218,16,pro max,256,n/a,"1120,00",new,iphone 16 pro max 256gb black nuevo,madrid,60,False,https://es.wallapop.com/item/iphone-16-pro-max-256gb-black-nuevo-1103322123
253,1103275570,20250218,16,basic,128,100,"720,00",new,iphone 16 128gb blue 100% bat. nuevo,madrid,60,False,https://es.wallapop.com/item/iphone-16-128gb-blue-100-bat-nuevo-1103275570
254,1103271465,20250218,16,pro max,256,n/a,"1120,00",new,iphone 16 pro max 256gb natural nuevo,madrid,60,False,https://es.wallapop.com/item/iphone-16-pro-max-256gb-natural-nuevo-1103271465
255,1102967021,20250218,16,pro max,n/a,n/a,"1250,00",new,iphone 16 pro max,madrid,60,False,https://es.wallapop.com/item/iphone-16-pro-max-1102967021
256,1102973054,20250218,16,pro max,n/a,n/a,"1250,00",new,iphone 16 pro max,madrid,60,False,https://es.wallapop.com/item/iphone-16-pro-max-1102973054
257,1102296696,20250218,16,basic,256,n/a,"885,00",new,iphone 16 256 gb azul,madrid,60,False,https://es.wallapop.com/item/iphone-16-256-gb-azul-1102296696
258,1102163376,20250218,16,basic,128,n/a,"800,00",new,iphone 16 128,madrid,60,False,https://es.wallapop.com/item/iphone-16-128-1102163376
259,1102356040,20250218,16,basic,128,n/a,"750,00",new,iphone 16 blanco 128 gb,madrid,60,False,https://es.wallapop.com/item/iphone-16-blanco-128-gb-1102356040
260,1102302246,20250218,16,plus,n/a,n/a,"900,00",new,iphone 16 plus ,madrid,60,False,https://es.wallapop.com/item/iphone-16-plus-1102302246
261,1101660843,20250218,16,basic,n/a,n/a,"900,00",new,iphone 16,madrid,60,False,https://es.wallapop.com/item/iphone-16-1101660843
262,1101820577,20250218,16,pro max,512,n/a,"1350,00",new,iphone 16 pro max 512gb,madrid,60,False,https://es.wallapop.com/item/iphone-16-pro-max-512gb-1101820577
263,1101574842,20250218,16,pro,n/a,n/a,"1120,00",new,iphone 16 pro nuevo,madrid,60,False,https://es.wallapop.com/item/iphone-16-pro-nuevo-1101574842
264,1101385114,20250218,16,basic,128,n/a,"720,00",new,iphone 16 black 128gb  ,madrid,60,False,https://es.wallapop.com/item/iphone-16-black-128gb-1101385114
265,1101645575,20250218,16,pro max,256,n/a,"1240,00",new,iphone 16 pro max 256gb ,madrid,60,False,https://es.wallapop.com/item/iphone-16-pro-max-256gb-1101645575
266,1101590099,20250218,16,pro max,256,n/a,"1120,00",new,iphone 16 pro max 256gb,madrid,60,False,https://es.wallapop.com/item/iphone-16-pro-max-256gb-1101590099
267,1101508605,20250218,16,pro,256,n/a,"1103,95",new,movil iphone 16 pro 256gb + caja *a estrenar*,madrid,60,False,https://es.wallapop.com/item/movil-iphone-16-pro-256gb---caja-a-estrenar-1101508605
268,1101066063,20250218,16,basic,128,n/a,"850,00",new,iphone 16 128gb nuevo,madrid,60,False,https://es.wallapop.com/item/iphone-16-128gb-nuevo-1101066063
269,1102194791,20250218,16,basic,256,n/a,"803,95",new,iphone 16 256 gb color azul cielo + caja,madrid,60,False,https://es.wallapop.com/item/iphone-16-256-gb-color-azul-cielo---caja-1102194791
270,1101531384,20250218,16,pro,256,n/a,"1100,00",new,16 pro iphone 256gb,madrid,60,False,https://es.wallapop.com/item/16-pro-iphone-256gb-1101531384
271,1101882515,20250218,16,basic,256,n/a,"833,95",new,iphone 16 256 gb black a estrenar,madrid,60,False,https://es.wallapop.com/item/iphone-16-256-gb-black-a-estrenar-1101882515
272,1101491781,20250218,16,pro max,256,n/a,"1300,00",new,iphone 16 pro max 256 gb nuevo,madrid,60,False,https://es.wallapop.com/item/iphone-16-pro-max-256-gb-nuevo-1101491781
273,1101162183,20250218,16,pro max,n/a,n/a,"1200,00",new,iphone 16 pro max ,madrid,60,False,https://es.wallapop.com/item/iphone-16-pro-max-1101162183
274,1101882354,20250218,16,basic,128,n/a,"803,95",new,movil iphone 16 128gb blanco *a estrenar *,madrid,60,False,https://es.wallapop.com/item/movil-iphone-16-128gb-blanco-a-estrenar-1101882354
275,1101602032,20250218,16,pro max,256,100,"1203,95",new,iphone 16 pro max 256gb titanium negro bateria 100% *a estrenar*,madrid,60,False,https://es.wallapop.com/item/iphone-16-pro-max-256gb-titanium-negro-bateria-100-a-estrenar-1101602032
276,1099275406,20250218,16,basic,n/a,n/a,"850,00",new,iphone 16 rosa ,madrid,60,False,https://es.wallapop.com/item/iphone-16-rosa-1099275406
277,1101681528,20250218,16,basic,128,n/a,"853,95",new,iphone 16 128gb black + cable + caja * a estrenar *,madrid,60,False,https://es.wallapop.com/item/iphone-16-128gb-black---cable---caja-a-estrenar-1101681528
278,1098196795,20250218,16,basic,n/a,n/a,"870,00",new,iphone 16 ,madrid,60,False,https://es.wallapop.com/item/iphone-16-1098196795
279,1100194132,20250218,16,basic,n/a,n/a,"799,00",new,iphone 16 nuevo sin abrir ,madrid,60,False,https://es.wallapop.com/item/iphone-16-nuevo-sin-abrir-1100194132
280,1099915588,20250218,16,pro,n/a,n/a,"1000,00",new,iphone 16 pro ,madrid,60,False,https://es.wallapop.com/item/iphone-16-pro-1099915588
281,1098828532,20250218,16,plus,n/a,n/a,"1350,00",new,iphone 16 plus y iphone 12 ,madrid,60,False,https://es.wallapop.com/item/iphone-16-plus-y-iphone-12-1098828532
282,1100155691,20250218,16,plus,256,n/a,"980,00",new,iphone 16 plus de 256gb color rosa nuevo,madrid,60,False,https://es.wallapop.com/item/iphone-16-plus-de-256gb-color-rosa-nuevo-1100155691
283,1101313668,20250218,16,pro max,256,n/a,"1253,95",new,iphone 16 pro max 256gb titanio *a estrenar*,madrid,60,False,https://es.wallapop.com/item/iphone-16-pro-max-256gb-titanio-a-estrenar-1101313668
284,1098950126,20250218,16,pro,256,n/a,"1290,00",new,iphone 16 pro 256 gb,madrid,60,False,https://es.wallapop.com/item/iphone-16-pro-256-gb-1098950126
285,1098470035,20250218,16,pro,128,n/a,"970,00",new,iphone 16 pro 128 gb,madrid,60,False,https://es.wallapop.com/item/iphone-16-pro-128-gb-1098470035
286,1098289958,20250218,16,plus,n/a,n/a,"1050,00",new,iphone 16 plus,madrid,60,False,https://es.wallapop.com/item/iphone-16-plus-1098289958
287,1099093508,20250218,16,pro max,256,n/a,"1200,00",new,iphone 16 pro max 256gb nuevo,madrid,60,False,https://es.wallapop.com/item/iphone-16-pro-max-256gb-nuevo-1099093508
288,1097536481,20250218,16,basic,n/a,n/a,"480,00",new,iphone 16 ,madrid,60,False,https://es.wallapop.com/item/iphone-16-1097536481
289,1098478946,20250218,16,basic,n/a,n/a,"750,00",new,iphone 16 nuevo 750e,madrid,60,False,https://es.wallapop.com/item/iphone-16-nuevo-750e-1098478946
290,1098826548,20250218,16,basic,256,n/a,"970,00",new,iphone 16  256gb   appel,madrid,60,False,https://es.wallapop.com/item/iphone-16-256gb-color-verde-agua-1098826548
291,1098218101,20250218,16,pro,256,n/a,"1049,00",new,iphone 16 pro 256gb nuevo,madrid,60,False,https://es.wallapop.com/item/iphone-16-pro-256gb-nuevo-1098218101
292,1098376312,20250218,16,pro,128,n/a,"900,00",new,iphone 16 pro 128gb,madrid,60,False,https://es.wallapop.com/item/iphone-16-pro-128gb-1098376312
293,1095705601,20250218,16,pro,n/a,n/a,"1200,00",new,iphone 16 promax,madrid,60,False,https://es.wallapop.com/item/iphone-16-promax-1095705601
294,1098057280,20250218,16,pro max,256,n/a,"1240,00",new,iphone 16 pro max 256gb nuevo,madrid,60,False,https://es.wallapop.com/item/iphone-16-pro-max-256gb-nuevo-1098057280
295,1098058478,20250218,16,pro max,256,n/a,"1240,00",new,iphone 16 pro max 256gb nuevo,madrid,60,False,https://es.wallapop.com/item/iphone-16-pro-max-256gb-nuevo-1098058478
296,1097466580,20250218,16,pro max,n/a,n/a,"1250,00",new,vendo  iphone 16 pro max ,madrid,60,False,https://es.wallapop.com/item/vendo-o-cambio-iphone-16-pro-max-1097466580
297,1094575153,20250218,16,basic,128,n/a,"800,00",new,iphone 16  128gb nuevo,madrid,60,False,https://es.wallapop.com/item/iphone-16-128gb-nuevo-1094575153
298,1095624772,20250218,16,basic,128,n/a,"680,00",new,iphone 16 128 gb nuevo ,madrid,60,False,https://es.wallapop.com/item/iphone-16-128-gb-nuevo-1095624772
299,1097952818,20250218,16,pro max,256,n/a,"999,00",new,iphone 16 pro max 256gb,madrid,60,False,https://es.wallapop.com/item/iphone-16-pro-max-256gb-1097952818
300,1094869124,20250218,16,pro max,n/a,n/a,"1200,00",new,iphone 16 pro max ,madrid,60,False,https://es.wallapop.com/item/iphone-16-pro-max-1094869124
301,1096479519,20250218,16,pro,256,n/a,"1100,00",new,iphone 16 pro 256 gb nuevo a estrenar,madrid,60,False,https://es.wallapop.com/item/iphone-16-pro-256-gb-nuevo-a-estrenar-1096479519
302,1096092755,20250218,16,pro max,256,n/a,"1050,00",new,iphone 16 pro max 256gb,madrid,60,False,https://es.wallapop.com/item/iphone-16-pro-max-256gb-1096092755
303,1093666474,20250218,16,basic,n/a,n/a,"820,00",new,iphone 16 nuevo,madrid,60,False,https://es.wallapop.com/item/iphone-16-nuevo-1093666474
304,1093160792,20250218,16,plus,256,n/a,"990,00",new,iphone 16 plus 256gb,madrid,60,False,https://es.wallapop.com/item/iphone-16-plus-256gb-1093160792
305,1094548115,20250218,16,pro,128,n/a,"980,00",new,"iphone 16 pro 128gb, nuevo!",madrid,60,False,https://es.wallapop.com/item/iphone-16-pro-128gb-nuevo-1094548115
306,1093411218,20250218,16,basic,n/a,n/a,"770,00",new,iphone 16 color negro,madrid,60,False,https://es.wallapop.com/item/iphone-16-color-negro-1093411218
307,1094358082,20250218,16,basic,256,n/a,"850,00",new,iphone 16 ocasi√≥n 256,madrid,60,False,https://es.wallapop.com/item/iphone-16-ocasion-256-1094358082
308,1091513409,20250218,16,pro,n/a,n/a,"860,00",new,iphone 16 pro,madrid,60,False,https://es.wallapop.com/item/iphone-16-pro-1091513409
309,1094074503,20250218,16,basic,128,n/a,"1350,00",new,pack iphone 16 128g y  wath apple ultra ,madrid,60,False,https://es.wallapop.com/item/pack-iphone-16-128g-y-apple-ultra-1094074503
310,1093569093,20250218,16,pro max,n/a,n/a,"1300,00",new,iphone 16 pro max sin abrir ,madrid,60,False,https://es.wallapop.com/item/iphone-16-pro-max-sin-abrir-1093569093
311,1093650178,20250218,16,basic,256,n/a,"800,00",new,iphone 16 256 gb,madrid,60,False,https://es.wallapop.com/item/iphone-16-256-gb-1093650178
312,1091883067,20250218,16,pro max,n/a,n/a,"1200,00",new,iphone 16 pro max ,madrid,60,False,https://es.wallapop.com/item/iphone-16-pro-max-1091883067
313,1089568744,20250218,16,pro,n/a,n/a,"1000,00",new,iphone 16 pro ,madrid,60,False,https://es.wallapop.com/item/iphone-16-pro-1089568744
314,1095597547,20250218,16,pro max,n/a,n/a,"1250,00",new,ipgone 16 pro max ,madrid,60,False,https://es.wallapop.com/item/ipgone-16-pro-max-1095597547
315,1091149086,20250218,16,basic,256,n/a,"900,00",new,iphone 16 256gb,madrid,60,False,https://es.wallapop.com/item/iphone-16-256gb-1091149086
316,1096269701,20250218,16,pro max,256,n/a,"1203,95",new,iphone 16 pro max black titanium 256gb *a estrenar*,madrid,60,False,https://es.wallapop.com/item/iphone-16-pro-max-black-titanium-256gb-a-estrenar-1096269701
317,1091564958,20250218,16,basic,128,n/a,"759,95",new,telefono apple iphone 16 black / 128 gb + caja.,madrid,60,False,https://es.wallapop.com/item/telefono-apple-iphone-16-black-128-gb---caja-1091564958
318,1092521082,20250218,16,pro,n/a,n/a,"1000,00",new,vendo o cambio iphone 16 pro ,madrid,60,False,https://es.wallapop.com/item/iphone-16-pro-1092521082
319,1097934169,20250218,16,pro max,512,n/a,"1000,00",new,iohone 16 pro max 512g,madrid,60,False,https://es.wallapop.com/item/iohone-16-pro-max-512g-1097934169
320,1091909659,20250218,16,basic,128,n/a,"649,00",new,apple iphone 16 negro 128 gb nuevo,madrid,60,False,https://es.wallapop.com/item/apple-iphone-16-negro-128-gb-nuevo-1091909659
321,1086932683,20250218,16,basic,n/a,n/a,"780,00",new,iphone 16 ,madrid,60,False,https://es.wallapop.com/item/iphone-16-1086932683
322,1095560948,20250218,16,pro max,256,n/a,"1203,95",new,iphone 16 pro max 256gb deset titanium a estrenar,madrid,60,False,https://es.wallapop.com/item/iphone-16-pro-max-256gb-deset-titanium-a-estrenar-1095560948
323,1094418393,20250218,16,pro max,n/a,n/a,"1239,00",new,ipone 16 pro max,madrid,60,False,https://es.wallapop.com/item/ipone-16-pro-max-1094418393
324,1090619221,20250218,16,pro max,256,n/a,"1200,00",new,iphone 16 pro max 256gb,madrid,60,False,https://es.wallapop.com/item/iphone-16-pro-max-256gb-1090619221
325,1085203666,20250218,16,basic,n/a,n/a,"850,00",new,iphone 16,madrid,60,False,https://es.wallapop.com/item/iphone-16-1085203666
326,1089669677,20250218,16,plus,n/a,n/a,"850,00",new,iphone 16 plus azul,madrid,60,False,https://es.wallapop.com/item/iphone-16-plus-azul-1089669677
327,1087330048,20250218,16,basic,128,n/a,"765,00",new,iphone 16 128gb blanco precintado,madrid,60,False,https://es.wallapop.com/item/iphone-16-128gb-blanco-precintado-1087330048
328,1087326743,20250218,16,basic,128,n/a,"765,00",new,iphone 16 128gb verde precintado,madrid,60,False,https://es.wallapop.com/item/iphone-16-128gb-verde-precintado-1087326743
329,1087325354,20250218,16,basic,256,n/a,"889,00",new,iphone 16 256gb negro precintado,madrid,60,False,https://es.wallapop.com/item/iphone-16-256gb-negro-precintado-1087325354
330,1086942834,20250218,16,pro max,n/a,n/a,"1050,00",new,iphone 16 pro max,madrid,60,False,https://es.wallapop.com/item/iphone-16-pro-max-1086942834
331,1081749771,20250218,16,basic,n/a,n/a,"800,00",new,iphone 16,madrid,60,False,https://es.wallapop.com/item/iphone-16-1081749771
332,1086526240,20250218,16,pro max,n/a,n/a,"1199,00",new,iphone 16 pro max titanio,madrid,60,False,https://es.wallapop.com/item/iphone-16-pro-max-titanio-1086526240
333,1087308094,20250218,16,pro,128,n/a,"985,00",new,iphone 16 pro 128gb negro precintado,madrid,60,False,https://es.wallapop.com/item/iphone-16-pro-128gb-negro-precintado-1087308094
334,1087312197,20250218,16,pro,128,n/a,"985,00",new,iphone 16 pro 128gb desierto precintado!,madrid,60,False,https://es.wallapop.com/item/iphone-16-pro-max-256gb-desierto-precintado-1087312197
335,1087306639,20250218,16,pro,128,n/a,"985,00",new,iphone 16 pro 128gb negro precintado!,madrid,60,False,https://es.wallapop.com/item/iphone-16-pro-128gb-negro-precintado-1087306639
336,1087310841,20250218,16,pro,128,n/a,"985,00",new,iphone 16 pro 128gb natural precintado,madrid,60,False,https://es.wallapop.com/item/iphone-16-pro-128gb-natural-precintado-1087310841
337,1083326241,20250218,16,basic,128,n/a,"770,00",new,iphone 16 128gb,madrid,60,False,https://es.wallapop.com/item/iphone-16-128gb-1083326241
338,1085413452,20250218,16,pro max,n/a,n/a,"750,00",new,iphone 16 pro max,madrid,60,False,https://es.wallapop.com/item/iphone-16-pro-max-1085413452
339,1085447645,20250218,16,pro,256,n/a,"1100,00",new,iphone 16 pro 256gb,madrid,60,False,https://es.wallapop.com/item/iphone-16-pro-256gb-1085447645
340,1083561493,20250218,16,basic,256,n/a,"850,00",new,iphone 16 256gb azul ultramar,madrid,60,False,https://es.wallapop.com/item/iphone-16-256gb-azul-ultramar-1083561493
341,1083796691,20250218,16,basic,128,100,"725,00",new,iphone 16 128 gb bater√≠a 100,madrid,60,False,https://es.wallapop.com/item/iphone-16-128-gb-1083796691
342,1093069538,20250218,16,pro,256,100,"1103,95",new,iphone 16 pro 256gb titanium gris bateria 100% *a estrenar*,madrid,60,False,https://es.wallapop.com/item/iphone-16-pro-256gb-titanium-gris-bateria-100-a-estrenar-1093069538
343,1083407520,20250218,16,pro max,256,n/a,"1240,00",new,iphone 16 pro max 256gb,madrid,60,False,https://es.wallapop.com/item/iphone-16-pro-max-256gb-1083407520
344,1081157381,20250218,16,plus,n/a,n/a,"850,00",new,iphone 16 plus,madrid,60,False,https://es.wallapop.com/item/iphone-16-plus-1081157381
345,1069184872,20250218,16,basic,256,n/a,"953,95",new,iphone 16 256gb blanco *a estrenar*,madrid,60,False,https://es.wallapop.com/item/iphone-16-256gb-blanco-a-estrenar-1069184872
346,1083432646,20250218,16,pro max,256,n/a,"1150,00",new,iphone 16 pro max 256gb,madrid,60,False,https://es.wallapop.com/item/iphone-16-pro-max-256gb-1083432646
347,1082264407,20250218,16,basic,256,100,"753,95",new,iphone 16 256gb rosa salud 100%  + cable + caja,madrid,60,False,https://es.wallapop.com/item/iphone-16-256gb-rosa-a-estrenar-1082264407
348,1072092842,20250218,16,pro,n/a,n/a,"800,00",new,iphone 16 pro ,madrid,60,False,https://es.wallapop.com/item/iphone-16-pro-max-1072092842
349,1081024279,20250218,16,basic,n/a,n/a,"800,00",new,ihone 16 ,madrid,60,False,https://es.wallapop.com/item/ihone-16-1081024279
350,1067710648,20250218,16,basic,n/a,n/a,"900,00",new,iphone 16,madrid,60,False,https://es.wallapop.com/item/iphone-16-1067710648
351,1072526362,20250218,16,pro,n/a,n/a,"1170,00",new,iphone 16 pro (sin estrenar ni quitar el precinto),madrid,60,False,https://es.wallapop.com/item/iphone-16-pro-sin-estrenar-ni-quitar-el-precinto-1072526362
352,1077156486,20250218,16,pro max,256,n/a,"1199,00",new,iphone 16 pro max 256 gb natural nuevo ,madrid,60,False,https://es.wallapop.com/item/iphone-16-pro-max-256-gb-natural-nuevo-1077156486
353,1055252179,20250218,16,basic,128,n/a,"990,00",new,iphone 16 128gb,madrid,60,False,https://es.wallapop.com/item/iphone-16-128gb-1055252179
354,1084612111,20250218,16,pro,n/a,n/a,"1100,00",new,i phone 16 pro,madrid,60,False,https://es.wallapop.com/item/i-phone-16-pro-1084612111
355,1052119977,20250218,16,plus,128,n/a,"970,00",new,iphone 16 plus 128gb nuevo=movilcenter=,madrid,60,False,https://es.wallapop.com/item/xiaomi-12-t-128gb-como-nuevo-movilcenter-1052119977
356,1068974159,20250218,16,pro max,256,n/a,"1240,00",new,i phone 16 pro max 256gb ,madrid,60,False,https://es.wallapop.com/item/i-phone-16-pro-max-256gb-1068974159
